,City,Lat,Lng,Max Temp,Humidity,Cloudiness,Wind Speed
0,Mataura,-46.1927,168.8643,19.8,49,53,3.05
1,Cloquet,46.7216,-92.4594,2.43,97,90,3.6
2,Abu Samrah,35.3029,37.1841,10.56,50,0,2.03
3,Lüderitz,-26.6481,15.1594,19.35,50,0,8.31
4,Buchanan,5.8808,-10.0467,25.3,86,63,0.77
5,São Filipe,14.8961,-24.4956,24.47,76,24,3.54
6,Atuona,-9.8,-139.0333,25.68,76,10,5.22
7,Fukuechō,32.6881,128.8419,12.2,87,75,4.63
8,Saskylakh,71.9167,114.0833,-31.35,99,30,1.93
9,Klaksvík,62.2266,-6.589,6.51,78,100,15.22
10,Médéa,36.2642,2.7539,7.25,77,76,1.96
11,Iracoubo,5.4802,-53.2011,25.3,90,91,3.26
12,Punta Arenas,-53.15,-70.9167,10.06,57,0,5.14
13,Tamiahua,21.2667,-97.45,24.16,75,57,2.81
14,Albany,42.6001,-73.9662,10.97,70,100,4.47
15,Libreville,0.3925,9.4537,24.01,100,40,0.51
16,Cape Town,-33.9258,18.4232,17.83,85,0,1.79
17,Pevek,69.7008,170.3133,-19.23,93,76,1.65
18,Coquimbo,-29.9533,-71.3436,12.85,87,0,2.06
19,Port Hedland,-20.3167,118.5667,31.03,11,33,8.75
20,Cham,47.1821,8.4636,4.12,96,40,0.0
21,Butaritari,3.0707,172.7902,28.1,72,44,7.82
22,Blagoveshchensk,50.2667,127.5333,-0.66,43,40,3.0
23,Bluff,-46.6,168.3333,15.56,67,42,10.84
24,Catuday,16.2923,119.8062,28.63,66,78,4.31
25,Ostrovnoy,68.0531,39.5131,0.9,91,98,7.85
26,Barrow,71.2906,-156.7887,-7.99,73,90,7.2
27,Port Alfred,-33.5906,26.891,17.67,90,60,1.57
28,Pascagoula,30.3658,-88.5561,19.0,88,1,4.12
29,Ushuaia,-54.8,-68.3,11.81,40,20,5.14
30,Clyde River,70.4692,-68.5914,-16.71,95,73,4.33
31,Hermanus,-34.4187,19.2345,16.61,85,31,2.86
32,Palmer,42.1584,-72.3287,11.34,59,90,1.34
33,Lagoa,39.05,-27.9833,19.77,86,48,5.74
34,Rikitea,-23.1203,-134.9692,23.79,69,100,2.93
35,Boa Vista,2.8197,-60.6733,28.99,61,75,4.12
36,Bethel,41.3712,-73.414,14.96,81,90,1.79
37,Bacolod City,10.6667,122.95,30.69,68,91,5.1
38,Bilibino,68.0546,166.4372,-11.16,86,100,0.91
39,Ribeira Grande,38.5167,-28.7,20.57,87,61,10.28
40,Yar-Sale,66.8333,70.8333,-10.57,95,97,5.81
41,Argayash,55.4888,60.8767,-6.17,85,100,4.11
42,Busselton,-33.65,115.3333,17.8,43,100,3.02
43,Sola,-13.8833,167.55,27.68,75,18,3.38
44,Geraldton,-28.7667,114.6,30.23,14,0,4.63
45,Acanceh,20.8167,-89.45,25.98,81,75,1.59
46,Safi,32.2994,-9.2372,15.29,83,0,4.5
47,Kovūr,14.4833,79.9833,26.18,85,98,1.84
48,Nikolskoye,59.7035,30.7861,6.6,94,100,3.72
49,Tuktoyaktuk,69.4541,-133.0374,-10.0,92,75,5.14
50,Maturin,9.75,-63.1767,22.31,95,42,2.3
51,Fayaoué,-20.65,166.5333,25.51,75,17,1.25
52,Cherskiy,68.75,161.3,-10.71,85,100,1.85
53,Arraial do Cabo,-22.9661,-42.0278,19.4,86,100,4.19
54,Upernavik,72.7868,-56.1549,-8.45,85,100,8.46
55,Alakurtti,66.9672,30.3491,-1.87,90,100,2.26
56,Lebu,-37.6167,-73.65,13.13,89,100,3.17
57,Te Anau,-45.4167,167.7167,15.16,71,71,3.14
58,Iqaluit,63.7506,-68.5145,-10.15,79,90,6.69
59,Whitianga,-36.8333,175.7,21.06,66,96,4.42
60,Parit Raja,1.8681,103.1124,28.17,87,100,3.24
61,Port-Cartier,50.0334,-66.8654,-4.88,43,17,1.81
62,Itoman,26.1247,127.6694,23.21,48,0,6.69
63,Lubumbashi,-11.6609,27.4794,17.82,49,18,0.87
64,Esperance,-33.8667,121.9,14.91,55,99,5.24
65,Srednekolymsk,67.45,153.6833,-11.96,96,100,0.88
66,Naze,28.3667,129.4833,18.51,53,96,6.54
67,Norman Wells,65.282,-126.8329,-12.98,85,1,0.0
68,Upington,-28.4478,21.2561,16.21,41,0,1.03
69,Tayga,56.06,85.6197,-3.49,99,97,0.57
70,Nanortalik,60.1432,-45.2371,-4.95,72,19,1.88
71,Sitka,57.0531,-135.33,7.94,61,90,9.77
72,Ihosy,-22.4,46.1167,20.47,82,46,4.22
73,Semey,50.4111,80.2275,-3.88,80,0,3.0
74,Ukiah,39.1502,-123.2078,17.29,88,1,0.0
75,Washington,47.5001,-120.5015,6.27,88,100,1.02
76,Gamba,-2.65,10.0,24.5,92,100,0.88
77,Rafaela,-31.2503,-61.4867,20.55,44,0,0.45
78,Paamiut,61.994,-49.6678,-11.13,65,18,2.99
79,Bambous Virieux,-20.3428,57.7575,24.56,94,40,1.54
80,Charters Towers,-20.1,146.2667,29.52,54,79,6.35
81,Airai,-8.9266,125.4092,23.74,66,70,0.57
82,Moanda,-1.5575,13.2178,20.65,98,100,0.67
83,Pemangkat,1.1667,108.9667,28.44,71,100,3.43
84,Shubarkuduk,49.1447,56.4872,-4.9,77,21,4.41
85,Seymchan,62.8833,152.4333,-8.32,98,79,0.41
86,Sambava,-14.2667,50.1667,23.75,85,42,1.2
87,Calama,-22.4667,-68.9333,13.27,19,20,2.57
88,Hong Kong,22.2855,114.1577,23.91,46,89,0.89
89,Atambua,-9.1061,124.8925,29.97,61,95,1.97
90,Meru,0.0463,37.6559,15.54,81,60,1.34
91,Lysa Hora,48.1706,31.1099,2.28,88,86,3.65
92,Jamestown,42.097,-79.2353,14.84,73,1,5.81
93,Vangaindrano,-23.35,47.6,22.51,93,87,2.96
94,Flin Flon,54.7682,-101.865,-7.01,40,100,3.97
95,Río Gallegos,-51.6226,-69.2181,8.03,71,0,2.57
96,East London,-33.0153,27.9116,16.78,86,63,1.97
97,Bariloche,-41.1456,-71.3082,13.86,54,75,5.14
98,Matagami,49.7502,-77.6328,1.06,64,90,4.63
99,Castro,-24.7911,-50.0119,12.72,96,99,3.35
100,Ketchikan,55.3422,-131.6461,7.26,81,90,4.63
101,Dikson,73.5069,80.5464,-14.79,86,100,10.32
102,New Norfolk,-42.7826,147.0587,13.2,59,100,0.45
103,Longyearbyen,78.2186,15.6401,-14.09,78,75,2.06
104,Pontes e Lacerda,-15.2261,-59.3353,22.69,98,100,1.28
105,Bredasdorp,-34.5322,20.0403,14.62,88,45,0.0
106,Kastamonu Province,41.5,33.6667,-1.23,73,1,0.51
107,Dudinka,69.4058,86.1778,-18.22,96,98,6.64
108,Mount Gambier,-37.8333,140.7667,13.95,67,90,10.29
109,Tsabong,-26.0217,22.401,21.74,15,0,2.75
110,Alice Springs,-23.7,133.8833,16.75,51,20,5.14
111,Henties Bay,-22.116,14.2845,14.92,91,4,2.44
112,Hobart,-42.8794,147.3294,13.4,67,75,4.63
113,Chui,-33.6971,-53.4616,14.04,69,0,4.08
114,Ponta do Sol,32.6667,-17.1,19.35,69,50,2.43
115,Kalmunai,7.4167,81.8167,27.15,78,97,1.14
116,Marawi,7.9986,124.2928,23.14,70,100,1.82
117,Faanui,-16.4833,-151.75,26.35,72,31,6.79
118,Baykit,61.67,96.37,-5.95,95,100,2.11
119,Hithadhoo,-0.6,73.0833,28.05,76,38,7.98
120,Morozovsk,48.3539,41.8261,0.04,91,100,3.56
121,Aljezur,37.3191,-8.8033,13.07,84,0,2.22
122,Agnibilékrou,7.1344,-3.2047,22.06,97,100,0.81
123,Vaini,-21.2,-175.2,29.09,84,75,3.6
124,Tres Arroyos,-38.3739,-60.2798,16.65,54,97,7.65
125,Khatanga,71.9667,102.5,-33.86,100,15,1.65
126,Codrington,-38.2667,141.9667,13.31,85,100,10.03
127,Nhulunbuy,-12.2333,136.7667,35.34,49,40,5.66
128,Huarmey,-10.0681,-78.1522,17.87,84,83,4.43
129,Bengkulu,-3.8004,102.2655,28.5,66,100,1.07
130,Lompoc,34.6391,-120.4579,23.4,80,1,1.54
131,Wanning,18.8003,110.3967,24.07,75,100,6.24
132,Kapaa,22.0752,-159.319,27.18,68,1,0.45
133,Mandalgovi,45.7625,106.2708,0.69,33,29,4.83
134,Ulaangom,49.9811,92.0667,-6.81,73,100,0.35
135,Buala,-8.145,159.5921,30.15,67,29,2.28
136,Konongo,6.6167,-1.2167,21.83,99,79,1.13
137,Kabanjahe,3.1001,98.4908,18.42,86,100,1.32
138,Saint George,37.1041,-113.5841,16.33,39,1,0.89
139,Hilo,19.7297,-155.09,25.85,69,40,4.12
140,Xinzhi,36.4989,111.7047,9.16,30,0,2.8
141,Elizabethton,36.3487,-82.2107,17.07,73,75,2.06
142,Ossora,59.2353,163.0719,-2.57,86,100,1.75
143,Capul,12.4237,124.1811,28.58,79,79,6.54
144,Avarua,-21.2078,-159.775,26.03,65,20,7.2
145,Yellowknife,62.456,-114.3525,0.23,89,90,6.17
146,Saint-Augustin,51.226,-58.6502,-2.12,75,23,5.69
147,Khani,41.9563,42.9566,-2.24,79,16,2.24
148,San Cristobal,7.7669,-72.225,22.1,85,96,0.66
149,Misratah,32.3754,15.0925,19.32,58,1,4.46
150,Chokurdakh,70.6333,147.9167,-16.08,97,100,3.89
151,Tiksi,71.6872,128.8694,-25.42,100,39,2.41
152,El Salvador,13.8333,-88.9167,20.22,92,1,0.46
153,Baculin,7.4525,126.5842,24.86,96,100,2.22
154,Sehithwa,-20.4667,22.7167,25.25,36,88,1.68
155,Yinchuan,38.4681,106.2731,4.13,19,0,1.98
156,Baymak,52.5933,58.3225,-5.59,78,100,6.73
157,Kīhei,20.785,-156.4656,29.01,64,40,7.72
158,Ilulissat,69.2167,-51.1,-11.99,67,30,4.63
159,Sungai Penuh,-2.0833,101.3833,24.79,60,100,1.57
160,Aykhal,66.0,111.5,-18.78,98,100,3.5
161,Giyani,-23.3025,30.7187,20.13,85,100,2.95
162,Red Bluff,40.1785,-122.2358,19.23,72,1,0.0
163,Dunedin,-45.8742,170.5036,17.72,72,74,2.76
164,Thompson,55.7435,-97.8558,-9.91,85,90,4.12
165,Ammon,43.4696,-111.9666,1.01,93,75,0.45
166,Bilma,18.6853,12.9164,22.79,19,33,4.52
167,Kralendijk,12.15,-68.2667,26.99,78,95,5.14
168,Aksu,41.1231,80.2644,0.85,32,0,1.23
169,Kungsbacka,57.4872,12.0761,10.04,79,63,3.13
170,Krasnyy Chikoy,50.3643,108.7512,-0.88,49,88,0.8
171,Nuuk,64.1835,-51.7216,-7.66,73,10,7.2
172,Kununurra,-15.7667,128.7333,32.99,22,46,5.66
173,Saint-Pierre,-21.3393,55.4781,23.49,62,0,2.57
174,Lago da Pedra,-4.3333,-45.1667,24.34,81,25,1.9
175,Hofn,64.2539,-15.2082,0.63,79,100,6.35
176,Torbay,47.6666,-52.7314,4.76,94,90,14.92
177,Paita,-5.0892,-81.1144,17.29,84,87,5.22
178,Woodstock,43.1334,-80.7497,13.57,88,100,0.89
179,Nome,64.5011,-165.4064,-8.96,67,90,4.12
180,Russell,32.3502,-85.1999,17.78,88,75,2.06
181,Aksarka,66.5606,67.7975,-11.45,96,98,3.46
182,Luwuk,-0.9516,122.7875,30.77,67,99,1.35
183,Aripuanã,-9.1667,-60.6333,21.84,99,100,0.41
184,Kavaratti,10.5669,72.642,27.69,69,100,3.72
185,Wau,7.7029,27.9953,23.29,82,100,1.82
186,Newcastle,-32.9272,151.7765,29.4,58,20,6.17
187,Deputatsky,69.3,139.9,-19.37,99,99,0.77
188,Penzance,50.1186,-5.5371,12.65,94,100,11.98
189,Opuwo,-18.0607,13.84,21.69,64,100,1.32
190,Shimoda,34.6667,138.95,18.2,56,79,9.66
191,Souillac,-20.5167,57.5167,25.2,94,40,1.54
192,Barabai,-2.5833,115.3833,24.18,98,100,0.36
193,Sackville,45.9188,-64.3846,4.15,74,53,2.01
194,Lebedyan',53.0194,39.1664,-0.27,69,100,4.86
195,Vila Franca do Campo,37.7167,-25.4333,21.22,84,80,4.76
196,Goderich,43.7501,-81.7165,11.78,87,100,4.12
197,Kieta,-6.2167,155.6333,28.73,76,45,1.72
198,Cap Malheureux,-19.9842,57.6142,25.26,74,2,0.45
199,San Martín,-33.081,-68.4681,23.3,47,49,6.85
200,Solnechnyy,50.7214,136.6319,-1.29,81,94,2.48
201,Ancud,-41.8697,-73.8203,10.74,86,94,0.37
202,Maragogi,-9.0122,-35.2225,24.77,86,27,1.53
203,Jiwani,25.05,61.7417,24.84,44,0,2.9
204,Acaraú,-2.8856,-40.12,26.63,80,13,5.06
205,Kudahuvadhoo,2.6708,72.8944,28.15,78,55,9.18
206,Chapais,49.7834,-74.8492,-0.12,72,100,5.35
207,Quelimane,-17.8786,36.8883,24.97,88,20,0.0
208,George Town,5.4112,100.3354,25.96,94,40,0.0
209,San Jerónimo,-11.9472,-75.2829,12.35,77,99,0.83
210,Rosetta,31.4044,30.4164,18.9,63,95,4.39
211,Asău,46.4333,26.4,3.75,56,34,1.66
212,Okhotsk,59.3833,143.3,0.66,99,100,7.42
213,Vardø,70.3705,31.1107,0.03,72,98,9.25
214,Harper,4.375,-7.7169,25.53,85,96,1.63
215,Wanaka,-44.7,169.15,18.18,68,76,5.77
216,Carnarvon,-24.8667,113.6333,33.04,9,30,6.17
217,Weyburn,49.6668,-103.8511,-4.88,86,100,9.26
218,Ambilobe,-13.2,49.05,24.03,84,90,1.87
219,Doha,25.2867,51.5333,25.94,55,0,2.57
220,Booué,-0.0921,11.9385,21.57,99,98,0.79
221,Kochubey,44.3861,46.5825,0.48,71,14,2.72
222,Leningradskiy,69.3833,178.4167,-20.36,93,15,2.67
223,Plouzané,48.3833,-4.6167,12.1,87,75,7.2
224,Nabire,-3.3667,135.4833,30.58,64,61,2.64
225,Tilichiki,60.4667,166.1,0.92,94,100,5.97
226,Puerto Ayora,-0.7393,-90.3518,20.21,90,25,3.17
227,Viedma,-40.8135,-62.9967,16.97,75,100,6.86
228,Beidao,34.5686,105.8933,6.67,28,0,0.53
229,Maxixe,-23.8597,35.3472,20.93,81,48,2.97
230,Santa Fe,-31.6333,-60.7,22.23,49,0,0.89
231,Omboué,-1.5746,9.2618,23.86,95,87,1.3
232,Royan,45.6285,-1.0281,4.99,79,0,1.54
233,Tasiilaq,65.6145,-37.6368,-0.91,95,100,2.74
234,Narasannapeta,18.4167,84.05,24.17,93,100,3.97
235,Caravelas,-17.7125,-39.2481,22.78,94,100,2.49
236,Beloha,-25.1667,45.05,20.5,71,26,4.12
237,Mūndwa,27.0667,73.8167,22.4,25,35,2.14
238,Salalah,17.0151,54.0924,26.05,29,0,2.57
239,Show Low,34.2542,-110.0298,7.27,42,1,0.0
240,Tungor,53.3808,142.9564,1.73,82,100,7.69
241,Isla Mujeres,21.2311,-86.731,23.03,80,48,3.37
242,Havre-St-Pierre,50.2334,-63.5986,-1.0,59,20,3.6
243,Dongsheng,39.8161,109.9776,0.92,29,0,5.46
244,Saint-Philippe,-21.3585,55.7679,23.45,68,0,3.9
245,Yangi Marg`ilon,40.4272,71.7189,2.4,64,0,2.06
246,Sinnamary,5.3833,-52.95,25.41,89,82,2.92
247,Xining,36.6167,101.7667,-4.91,48,0,1.41
248,Mehamn,71.0357,27.8492,-0.96,71,100,6.14
249,Pittsfield,42.4501,-73.2454,10.35,72,90,0.89
250,Kaeo,-35.1,173.7833,22.96,76,98,4.39
251,Synya,65.3718,58.0387,-5.09,94,100,3.25
252,Qaanaaq,77.484,-69.3632,-21.05,64,55,4.42
253,Nouadhibou,20.931,-17.0347,19.99,77,96,3.6
254,Isangel,-19.55,169.2667,27.28,74,70,1.19
255,Husavik,66.0449,-17.3389,-10.05,78,100,5.69
256,Saint Paul Harbor,57.79,-152.4072,-3.27,68,90,3.09
257,Djebeniana,35.035,10.9081,10.89,39,0,4.02
258,Guerrero Negro,27.9769,-114.0611,21.68,58,0,0.88
259,Xiuyan,40.2928,123.2744,4.6,42,10,3.6
260,Clarksdale,34.2001,-90.5709,12.73,87,20,2.06
261,Tual,-5.6667,132.75,29.31,71,97,2.54
262,Peleduy,59.6289,112.7406,-6.83,92,99,1.81
263,Alyangula,-13.8483,136.4192,25.93,94,75,2.57
264,Hobyo,5.3505,48.5268,26.34,77,74,3.86
265,Buraidah,26.326,43.975,16.25,32,86,3.25
266,Krasnosel'kup,65.7,82.4667,-18.81,97,86,5.09
267,Puerto Escondido,15.85,-97.0667,24.98,79,58,1.4
268,Alofi,-19.0595,-169.9187,27.94,65,100,3.6
269,Tura,25.5198,90.2201,22.2,62,100,0.79
270,De Panne,51.0792,2.5917,9.45,93,75,2.06
271,Vao,-22.6667,167.4833,23.99,80,20,4.69
272,Koróni,36.8,21.95,14.48,65,92,1.38
273,Texas City,29.3838,-94.9027,19.08,84,1,4.47
274,Coromandel,-18.4733,-47.2003,17.96,99,100,1.35
275,Şırnak,37.5228,42.4594,5.35,63,0,3.27
276,Cururupu,-1.8283,-44.8683,24.27,84,15,1.42
277,Vestmanna,62.1564,-7.1664,5.51,70,75,11.83
278,Valparaíso,-33.0393,-71.6273,12.51,93,0,1.03
279,Luau,-10.7073,22.2247,18.93,94,97,1.76
280,Eureka,40.8021,-124.1637,16.18,73,11,1.63
281,Farafangana,-22.8167,47.8333,24.18,88,12,0.67
282,Fortuna,40.5982,-124.1573,16.03,93,90,2.06
283,Vila Velha,-20.3297,-40.2925,18.97,95,90,2.57
284,Baruun-Urt,46.6806,113.2792,0.05,36,7,5.81
285,Avesta,60.1455,16.1679,4.51,73,2,3.92
286,Tautira,-17.7333,-149.15,29.01,70,60,5.23
287,Hearst,49.6835,-83.6665,1.14,58,100,6.24
288,Bandarbeyla,9.4942,50.8122,25.01,82,94,4.91
289,Sorgun,39.8101,35.186,-2.09,83,4,0.85
290,Udalguri,26.7667,92.1333,21.01,54,27,2.88
291,Beringovskiy,63.05,179.3167,-8.75,90,100,1.25
292,Manaure,11.7751,-72.4445,26.71,78,19,5.71
293,Sept-Îles,50.2001,-66.3821,-4.71,63,20,4.63
294,Marsh Harbour,26.5412,-77.0636,25.68,79,100,6.76
295,Kungurtug,50.5994,97.5228,-6.34,60,62,0.27
296,Rabo de Peixe,37.8,-25.5833,20.71,87,67,5.38
297,Bulgan,48.8125,103.5347,0.26,34,62,1.86
298,Shangzhi,45.2167,127.9667,-4.75,82,11,6.55
299,Praia da Vitória,38.7333,-27.0667,20.98,88,40,9.03
300,Amalāpuram,16.5833,82.0167,27.21,92,100,4.44
301,Bathsheba,13.2167,-59.5167,26.34,78,40,6.69
302,Broken Hill,-31.95,141.4333,14.84,67,75,11.32
303,Brae,60.3964,-1.353,8.95,84,100,11.8
304,Talnakh,69.4865,88.3972,-21.09,97,100,4.58
305,Nouakchott,18.0858,-15.9785,21.96,59,92,6.74
306,Swan Hill,-35.3378,143.5544,11.78,73,100,6.82
307,Tongchuanshi,35.0806,109.0897,8.19,25,0,1.64
308,Taltal,-25.4,-70.4833,17.51,70,0,2.27
309,Biak,-0.9131,122.8766,29.03,68,97,0.84
310,Longa,2.8447,24.6776,21.07,97,99,0.39
311,Hasaki,35.7333,140.8333,20.16,48,3,11.04
312,Farkhor,37.4922,69.4036,6.49,47,0,2.01
313,Valera,9.3178,-70.6036,21.33,86,28,2.39
314,Inírida,3.8653,-67.9239,24.16,85,48,0.34
315,Quibor,9.9287,-69.6201,21.31,78,80,1.31
316,Chicama,-7.8447,-79.1469,16.3,84,82,3.08
317,Narsaq,60.9167,-46.05,-7.88,64,21,3.03
318,Bubaque,11.2833,-15.8333,27.07,79,100,4.85
319,Barcelos,41.5388,-8.6151,11.62,76,93,1.88
320,Yulara,-25.2406,130.9889,17.91,39,0,3.6
321,Craigieburn,-37.6,144.95,12.85,93,75,10.8
322,Kahului,20.8947,-156.47,29.01,64,40,7.72
323,Bitung,1.4451,125.1824,30.47,68,100,2.42
324,Andenes,69.3143,16.1194,4.99,87,90,7.2
325,San Policarpo,12.1791,125.5072,28.41,83,99,5.19
326,Coxim,-18.5067,-54.76,24.13,90,100,2.58
327,La Reforma,18.1,-91.0167,21.38,85,11,2.73
328,Gizo Government Station,-8.103,156.8419,29.47,70,19,1.72
329,Leiyang,26.4024,112.8591,16.51,57,85,2.86
330,Skibbereen,51.55,-9.2667,10.89,85,48,12.32
331,Galesong,-5.3166,119.3661,30.01,68,94,3.85
332,Faya,18.3851,42.4509,11.06,64,0,0.65
333,Tateyama,34.9833,139.8667,20.05,58,40,10.7
334,Jiayuguan City,39.8167,98.3,2.31,15,90,2.2
335,Grindavik,63.8424,-22.4338,1.26,86,0,4.12
336,Kavieng,-2.5744,150.7967,29.05,72,89,3.21
337,Turaif,31.6725,38.6637,7.14,42,0,3.09
338,Mar del Plata,-38.0023,-57.5575,17.27,81,75,4.47
339,Cidreira,-30.1811,-50.2056,18.1,62,100,5.56
340,San Quintín,30.4833,-115.95,21.01,48,0,0.7
341,Los Llanos de Aridane,28.6585,-17.9182,16.86,83,90,1.79
342,Coyhaique,-45.5752,-72.0662,8.97,71,0,1.03
343,Laguna,38.421,-121.4238,16.78,91,1,0.0
344,Olafsvik,64.8945,-23.7142,3.69,75,100,3.98
345,Mahébourg,-20.4081,57.7,25.14,94,40,1.54
346,West Helena,34.5507,-90.6418,12.56,50,0,3.05
347,Spirit River,55.7833,-118.8361,-1.71,65,41,4.69
348,Tessalit,20.1986,1.0114,19.9,16,100,3.32
349,Gainesville,29.6516,-82.3248,19.86,91,1,0.0
350,Bellavista,-7.0561,-76.5911,24.6,99,100,0.36
351,Vaitape,-16.5167,-151.75,26.32,72,33,6.79
352,Waipawa,-41.4122,175.5153,17.35,69,55,7.93
353,São Félix do Xingu,-6.6447,-51.995,23.84,90,97,0.37
354,Morondava,-20.2833,44.2833,23.81,74,2,2.16
355,Oddur,4.1213,43.8894,20.92,94,96,5.14
356,Ormara,25.2088,64.6357,25.62,34,0,3.87
357,Reconquista,-29.15,-59.65,20.08,58,0,4.66
358,Gnjilane,42.4604,21.4699,3.66,72,100,0.88
359,Give,55.8398,9.25,8.27,100,90,1.03
360,Bam,29.106,58.357,12.7,35,0,0.77
361,Kenai,60.5544,-151.2583,-3.87,97,1,0.0
362,Aklavik,68.2191,-135.0107,-15.54,99,78,1.74
363,Vanimo,-2.6741,141.3028,30.1,69,75,3.63
364,Matveyev Kurgan,47.5645,38.8695,1.24,77,99,2.49
365,Touros,-5.1989,-35.4608,26.5,76,2,5.64
366,Port Lincoln,-34.7333,135.8667,15.02,55,88,7.9
367,La Ronge,55.1001,-105.2842,-4.86,74,75,2.06
368,Cayenne,4.9333,-52.3333,27.27,84,0,0.89
369,Khanbari,27.3747,87.2039,18.32,62,94,0.66
370,Itarema,-2.9248,-39.9167,26.78,78,10,5.42
371,Tanabe,33.7333,135.3667,16.56,48,75,6.69
372,Port Elizabeth,-33.918,25.5701,18.16,94,90,1.03
373,Lorengau,-2.0226,147.2712,29.51,67,84,2.61
374,Churapcha,62.0025,132.4325,-13.15,88,100,2.15
375,Chumikan,54.7183,135.315,-3.13,86,100,7.27
376,Petrovsk,52.3064,45.3917,-0.81,57,100,5.59
377,Peace River,56.2501,-117.286,-3.83,93,20,4.12
378,Nemuro,43.3236,145.575,13.24,74,13,6.34
379,Kipushi,-11.7667,27.2333,18.12,53,72,1.08
380,Hare Bay,48.8499,-54.0148,2.64,79,100,9.45
381,Yong’an,39.6957,113.6871,0.02,70,4,3.16
382,Tabou,4.423,-7.3528,25.38,85,100,0.94
383,Iquique,-20.2208,-70.1431,17.02,76,26,1.02
384,Torrevieja,37.9787,-0.6822,18.07,68,28,2.24
385,Shinpokh,34.3292,71.1782,11.67,32,0,1.64
386,Juneau,58.3019,-134.4197,3.25,93,90,2.57
387,Santiago del Estero,-27.7951,-64.2615,22.82,46,23,5.25
388,Poum,-20.2333,164.0167,25.74,81,20,7.07
389,Torit,4.4133,32.5678,22.66,85,92,1.14
390,Kaitangata,-46.2817,169.8464,20.52,54,48,3.02
391,São João da Barra,-21.6403,-41.0511,19.18,92,100,3.58
392,Taoudenni,22.6783,-3.9836,20.86,15,100,3.56
393,Acapulco de Juárez,16.8634,-99.8901,26.9,78,40,1.54
394,Bad Reichenhall,47.7333,12.8833,5.08,100,75,1.03
395,Mayo,38.8876,-76.5119,17.53,90,20,3.58
396,Miles City,46.4083,-105.8406,-1.94,68,1,5.66
397,Flinders,-34.5833,150.8552,23.22,82,83,2.24
398,Namatanai,-3.6667,152.4333,28.61,74,99,2.09
399,Bangassou,4.7413,22.8184,20.62,96,100,0.87
400,Chinhoyi,-17.3667,30.2,19.46,77,100,3.0
401,Roald,62.5833,6.1333,6.08,70,90,2.06
402,Vrangel',42.7297,133.0839,3.82,48,28,7.21
403,Beaverlodge,55.2166,-119.4361,-2.36,68,71,3.83
404,Wuxi,31.5689,120.2886,16.1,33,0,2.89
405,Lavrentiya,65.5833,-171.0,-12.36,88,25,3.03
406,Ghanzi,-21.5667,21.7833,23.55,41,98,2.35
407,Lincoln,40.8,-96.667,7.38,46,100,1.79
408,Dolinsk,47.35,142.8,4.92,81,82,5.45
409,São Francisco do Sul,-26.2433,-48.6381,17.29,100,75,1.54
410,Tuatapere,-46.1333,167.6833,18.62,51,58,3.13
411,Abadan,38.0507,58.2056,5.85,70,90,2.06
412,Shenzhen,22.5455,114.0683,24.4,49,95,3.95
413,Kisangani,0.5167,25.2,20.76,99,97,0.41
414,Hualmay,-11.0964,-77.6139,17.59,84,84,4.73
415,Portsoy,57.6814,-2.6896,11.97,89,100,12.07
416,Khovu-Aksy,51.1333,93.6,-4.64,67,100,1.1
417,Nísia Floresta,-6.0911,-35.2086,26.45,88,10,2.69
418,Menongue,-14.6585,17.691,16.3,86,54,2.11
419,Pisco,-13.7,-76.2167,17.23,88,0,6.17
420,Madaras,46.0587,19.2612,3.74,65,10,2.81
421,Labuan,5.2767,115.2417,27.2,88,40,3.13
422,Seryshevo,51.0933,128.3786,-2.4,60,98,3.02
423,Zinder,13.8072,8.9881,25.7,14,10,3.43
424,Moscow,55.7522,37.6156,1.32,92,100,4.29
425,Katsuura,35.1333,140.3,20.1,59,26,11.12
426,La Palma,33.8464,-118.0467,29.56,39,1,0.0
427,Fairbanks,64.8378,-147.7164,-13.21,74,1,0.0
428,Svetlaya,46.5389,138.3297,3.02,55,100,5.76
429,Hita,33.3167,130.9333,12.68,61,74,4.87
430,Binzhou,37.3667,118.0167,14.04,47,1,3.06
431,Sur,22.5667,59.5289,24.43,52,3,1.72
432,Sfântu Gheorghe,45.8667,25.7833,3.36,58,23,0.52
433,Espumoso,-28.7247,-52.8497,14.62,85,0,4.72
434,Mahanoro,-19.9,48.8,23.61,85,70,1.36
435,Antofagasta,-23.65,-70.4,16.6,78,45,1.01
436,Valleyview,55.0667,-117.2859,-1.98,59,32,4.63
437,Sioux Lookout,50.1001,-91.917,-1.79,93,90,5.66
438,Rodolfo Sánchez Taboada,31.7167,-116.5667,24.55,30,0,3.75
439,Nara,34.6851,135.8049,15.28,38,52,5.53
440,Nakamura,32.9833,132.9333,13.96,63,100,4.55
441,Kato Souli,38.1667,24.0,12.6,81,96,6.21
442,Okahandja,-21.9833,16.9167,22.69,33,100,1.52
443,Provideniya,64.3833,-173.3,-10.94,73,0,0.0
444,Bowen,-20.0167,148.2333,32.12,73,20,8.06
445,Goya,-29.14,-59.2626,20.44,58,0,4.35
446,College,64.8569,-147.8028,-13.78,72,75,0.0
447,Vengerovo,55.6848,76.7471,-4.61,95,97,2.53
448,Whitecourt,54.1502,-115.6855,-0.42,51,1,4.12
449,Maromitsa,59.8683,48.0123,0.89,95,100,4.03
450,Whitehorse,60.7161,-135.0538,-3.88,85,90,4.02
451,Mporokoso,-9.3727,30.125,18.48,38,46,1.34
452,Oktyabr'skoye,43.0645,44.7417,0.08,86,7,1.0
453,Rocha,-34.4833,-54.3333,10.19,86,0,2.17
454,Ha Giang,22.8333,104.9833,19.82,80,91,0.79
455,Abhā,18.2164,42.5053,10.9,81,0,0.0
456,Campbellsville,37.3434,-85.3419,10.53,70,16,3.05
457,Lososina,48.9975,140.3106,3.95,53,100,3.78
458,Keti Bandar,24.1447,67.4497,26.19,46,76,3.69
459,Klyuchi,52.2667,79.1667,1.47,49,100,4.8
460,Raudeberg,61.9875,5.1352,4.37,92,99,2.59
461,Ayan,56.45,138.1667,-2.15,87,100,5.42
462,Karasjok,69.4719,25.5112,-0.94,94,100,2.86
463,Salinas,36.6777,-121.6555,18.36,73,1,0.0
464,Bentiu,9.2333,29.8333,24.75,69,87,1.16
465,Petites Anses,15.8501,-61.6442,24.25,73,3,7.53
466,Porto Santo,33.072,-16.3415,18.95,77,40,2.06
467,Cabo San Lucas,22.8909,-109.9124,25.61,68,0,0.15
468,Bambanglipuro,-7.95,110.2833,26.52,79,100,1.2
469,Mocajuba,-2.5842,-49.5072,24.9,86,76,1.33
470,Gladstone,-23.85,151.25,30.96,62,40,8.75
471,Mount Isa,-20.7333,139.5,22.87,40,14,3.09
472,Shashi,30.3072,112.2447,15.8,48,91,1.57
473,Waspán,14.7419,-83.9717,22.58,96,79,1.28
474,Ouro Sogui,15.6064,-13.3211,28.04,14,100,4.12
475,Ola,59.5833,151.2833,1.75,89,98,7.49
476,North Bend,43.4065,-124.2243,17.19,93,90,2.57
477,Along,28.1667,94.7667,21.23,47,75,0.29
478,Rawson,-43.3002,-65.1023,14.43,81,99,1.92
479,Menzelinsk,55.7271,53.1026,0.58,92,95,6.04
480,Puerto Baquerizo Moreno,-0.9,-89.6,19.94,90,16,4.06
481,Mórrope,-6.5417,-80.0111,18.22,80,26,6.64
482,Basco,20.4487,121.9702,24.89,79,100,13.07
483,Slave Lake,55.2834,-114.769,-4.01,100,40,4.63
484,Druskininkai,54.0167,23.9667,8.2,81,100,5.53
485,Pangai,-19.8,-174.35,27.06,74,75,2.57
486,Batié,9.8833,-2.9167,25.02,69,43,1.71
487,Alta Floresta,-9.8756,-56.0861,20.8,98,69,1.02
488,Dobrinka,52.1653,40.4731,-0.68,57,100,5.45
489,Peniche,39.3558,-9.3811,14.23,92,57,5.2
490,Ouidah,6.3631,2.0851,24.92,84,100,2.01
491,Petatlán,17.5167,-101.2667,25.89,93,39,1.82
492,Amazar,53.858,120.875,-0.47,46,6,2.02
493,Hālol,22.5,73.4667,17.58,41,100,2.59
494,Payo,-3.7508,103.6372,30.17,58,98,0.86
495,Severo-Kuril'sk,50.6789,156.125,6.88,91,31,5.29
496,Kiama,-34.6833,150.8667,23.33,82,83,1.82
497,Nizhneudinsk,54.9076,99.0276,2.0,75,99,4.79
498,Pervomayskaya,43.4033,45.5261,0.89,80,75,3.0
499,Belyy Yar,53.6039,91.3903,2.94,60,0,1.0
500,Dingle,10.9995,122.6711,29.41,77,96,5.45
501,Hulan Ergi,47.2042,123.6333,0.55,78,4,4.33
502,Nelson Bay,-32.7167,152.15,30.42,71,2,1.34
503,Matara,5.9485,80.5353,26.93,83,100,6.84
504,Sisimiut,66.9395,-53.6735,-11.65,77,14,4.44
505,Chingola,-12.529,27.8838,17.48,53,84,1.22
506,San Jose,37.3394,-121.895,18.93,69,20,1.54
507,Cabedelo,-6.9811,-34.8339,25.37,82,24,3.84
508,Port Hardy,50.6996,-127.4199,9.0,93,90,8.75
509,Awjilah,29.1081,21.2869,17.46,60,0,3.34
510,Zomin,39.9606,68.3958,8.27,25,0,1.66
511,Wuwei,37.9281,102.6414,5.13,20,0,0.59
512,Balad,34.0164,44.1453,13.56,79,2,3.55
513,Chenzhou,25.8,113.0333,16.49,59,67,2.67
514,Nador,35.174,-2.9287,10.14,76,0,1.54
515,Tokuyama,34.05,131.8167,14.82,56,36,8.23
516,Aasiaat,68.7098,-52.8699,-19.66,99,86,3.24
517,Shelburne,44.0787,-80.2041,10.31,81,100,7.48
518,Bāfq,31.6128,55.4107,11.78,36,0,0.64
519,Eydhafushi,5.1033,73.0708,27.83,80,29,9.07
520,Puerto del Rosario,28.5004,-13.8627,19.86,83,100,4.63
521,Muzhi,65.3667,64.6667,-7.87,97,100,1.93
522,High Level,58.5169,-117.136,-4.94,100,90,5.66
523,Esim,4.8699,-2.2405,25.55,87,60,1.31
524,Ust'-Tarka,55.5672,75.705,-4.11,94,99,2.92
525,Atarra,25.2833,80.5667,21.26,44,63,0.73
526,Auki,-8.7676,160.7034,29.96,67,26,0.3
527,San Fernando del Valle de Catamarca,-28.4696,-65.7852,23.69,55,15,6.87
528,Grand Gaube,-20.0064,57.6608,25.21,72,1,1.34
529,Oranjemund,-28.55,16.4333,15.28,92,3,5.18
530,Kyzyl-Suu,42.3414,78.0056,0.96,49,2,3.13
531,Lufilufi,-13.8745,-171.5986,26.88,76,100,2.42
532,Zhangjiakou,40.81,114.8794,1.11,61,2,2.59
533,Chernyshevskiy,63.0128,112.4714,-16.49,93,96,1.78
534,Bernissart,50.4746,3.6496,6.64,98,90,0.51
535,Dabou,5.3256,-4.3769,26.89,86,93,2.39
536,Haines Junction,60.7522,-137.5108,-10.03,92,99,0.51
537,Potosí,-19.5836,-65.7531,8.23,74,97,2.62
538,Kangaatsiaq,68.3065,-53.4641,-11.19,91,88,4.53
539,Guanare,9.0418,-69.7421,24.62,69,72,2.01
540,Ansalta,42.6894,46.1178,0.57,73,2,1.77
541,Gayéri,12.6497,0.4931,26.6,19,7,2.84
542,Jalu,29.0331,21.5482,17.22,62,0,3.21
